sample_id,shape_type,nx,ny,tau,rho0,uMax,uMean,maxSteps,coutInterval,characteristic_length,reynolds,anchor_x,anchor_y,radius,rect_x1,rect_y1,rect_x2,rect_y2,rect_width,rect_height,ellipse_rx,ellipse_ry,chord,bbox_min_x,bbox_max_x,bbox_min_y,bbox_max_y,solid_cells,solid_fraction,fx,fy,avgFx,avgFy,Cd,Cl,status,elapsed_ms
1,circle,300,80,0.636784,1,0.0340912,0.0227275,5000,1000,28,13.9571,243,32,14,-1,-1,-1,-1,-1,-1,-1,-1,-1,229,257,18,46,76,0.00316667,0.0645796,0.011084,0.0612781,0.0114504,8.47373,1.5834,ok,45673
2,circle,300,80,0.791262,1,0.0392385,0.026159,5000,1000,26,7.00539,176,41,13,-1,-1,-1,-1,-1,-1,-1,-1,-1,163,189,28,54,68,0.00283333,0.129311,-0.00536256,0.127991,-0.00554204,14.3878,-0.622993,ok,41215
3,circle,300,80,0.730714,1,0.0449543,0.0299695,5000,1000,22,8.57334,252,51,11,-1,-1,-1,-1,-1,-1,-1,-1,-1,241,263,40,62,56,0.00233333,0.0875815,-0.019949,0.0879789,-0.0224685,8.90484,-2.27416,ok,39953
4,circle,300,80,0.6583,1,0.0379749,0.0253166,5000,1000,28,13.4339,257,21,14,-1,-1,-1,-1,-1,-1,-1,-1,-1,243,271,7,35,76,0.00316667,0.0522986,0.025255,0.0562054,0.0326165,6.26383,3.63495,ok,41079
5,circle,300,80,0.761963,1,0.0474435,0.031629,5000,1000,16,5.79546,229,48,8,-1,-1,-1,-1,-1,-1,-1,-1,-1,221,237,40,56,40,0.00166667,0.0776275,-0.00854913,0.0773779,-0.00871901,9.66843,-1.08945,ok,53789
6,circle,300,80,0.610098,1,0.0461247,0.0307498,5000,1000,22,18.4335,261,55,11,-1,-1,-1,-1,-1,-1,-1,-1,-1,250,272,44,66,56,0.00233333,0.0531786,-0.00948679,0.053103,-0.0112673,5.10554,-1.08328,ok,41668
7,circle,300,80,0.665117,1,0.0387929,0.0258619,5000,1000,24,11.2772,253,38,12,-1,-1,-1,-1,-1,-1,-1,-1,-1,241,265,26,50,64,0.00266667,0.0697073,0.0010967,0.0671696,0.00142725,8.36892,0.177827,ok,67263
8,circle,300,80,0.663671,1,0.044744,0.0298294,5000,1000,14,7.65459,213,57,7,-1,-1,-1,-1,-1,-1,-1,-1,-1,206,220,50,64,36,0.0015,0.041041,-0.0090805,0.0391893,-0.00941541,6.2919,-1.51166,ok,42323
9,circle,300,80,0.60537,1,0.0460074,0.0306716,5000,1000,26,22.7046,182,26,13,-1,-1,-1,-1,-1,-1,-1,-1,-1,169,195,13,39,68,0.00283333,0.0801159,0.019015,0.0703327,0.0151843,5.75097,1.24159,ok,44266
10,circle,300,80,0.779893,1,0.046638,0.031092,5000,1000,24,7.99813,247,54,12,-1,-1,-1,-1,-1,-1,-1,-1,-1,235,259,42,66,64,0.00266667,0.107682,-0.0401917,0.110413,-0.0439706,9.51792,-3.79039,ok,38734
11,circle,300,80,0.610392,1,0.0479018,0.0319345,5000,1000,20,17.3571,250,44,10,-1,-1,-1,-1,-1,-1,-1,-1,-1,240,260,34,54,52,0.00216667,0.0599801,0.000231558,0.0554776,-0.000257267,5.43997,-0.0252268,ok,43574
12,circle,300,80,0.647506,1,0.0375869,0.0250579,5000,1000,26,13.2505,210,23,13,-1,-1,-1,-1,-1,-1,-1,-1,-1,197,223,10,36,68,0.00283333,0.0553665,0.0241698,0.0560407,0.0260872,6.86546,3.1959,ok,31300
13,circle,300,80,0.64379,1,0.0351744,0.0234496,5000,1000,26,12.7204,204,23,13,-1,-1,-1,-1,-1,-1,-1,-1,-1,191,217,10,36,68,0.00283333,0.0539651,0.0202914,0.0501841,0.023489,7.02024,3.28587,ok,31068
14,circle,300,80,0.711505,1,0.0438691,0.0292461,5000,1000,22,9.12624,155,51,11,-1,-1,-1,-1,-1,-1,-1,-1,-1,144,166,40,62,56,0.00233333,0.083236,-0.0189887,0.0819611,-0.0194324,8.71124,-2.06538,ok,30373
15,circle,300,80,0.633548,1,0.0453763,0.0302509,5000,1000,14,9.51367,253,41,7,-1,-1,-1,-1,-1,-1,-1,-1,-1,246,260,34,48,36,0.0015,0.0434427,-4.47674e-05,0.042405,-0.00012754,6.61979,-0.01991,ok,31755
16,circle,300,80,0.601259,1,0.0387511,0.0258341,5000,1000,18,13.7769,255,29,9,-1,-1,-1,-1,-1,-1,-1,-1,-1,246,264,20,38,48,0.002,0.0360126,0.00129668,0.0332568,0.00181092,5.5367,0.301488,ok,30355
17,circle,300,80,0.76972,1,0.0482219,0.032148,5000,1000,20,7.1514,213,34,10,-1,-1,-1,-1,-1,-1,-1,-1,-1,203,223,24,44,52,0.00216667,0.105887,0.00960758,0.105629,0.0096521,10.2206,0.933931,ok,30522
18,circle,300,80,0.669427,1,0.0459337,0.0306225,5000,1000,12,6.50669,136,25,6,-1,-1,-1,-1,-1,-1,-1,-1,-1,130,142,19,31,32,0.00133333,0.0392975,0.00460987,0.0389619,0.00474962,6.9248,0.844164,ok,30654
19,circle,300,80,0.737519,1,0.0459921,0.0306614,5000,1000,14,5.42179,259,19,7,-1,-1,-1,-1,-1,-1,-1,-1,-1,252,266,12,26,36,0.0015,0.04443,0.0161048,0.0444302,0.0168306,6.75142,2.55751,ok,34024
20,circle,300,80,0.790353,1,0.048557,0.0323713,5000,1000,28,9.36512,177,48,14,-1,-1,-1,-1,-1,-1,-1,-1,-1,163,191,34,62,76,0.00316667,0.179323,-0.0449875,0.180737,-0.0469346,12.3196,-3.19923,ok,31330
21,circle,300,80,0.670323,1,0.0442846,0.0295231,5000,1000,26,13.5202,143,39,13,-1,-1,-1,-1,-1,-1,-1,-1,-1,130,156,26,52,68,0.00283333,0.095407,0.000676588,0.0962454,0.00057895,8.49402,0.0510945,ok,30726
22,circle,300,80,0.779712,1,0.0457467,0.0304978,5000,1000,18,5.88778,163,19,9,-1,-1,-1,-1,-1,-1,-1,-1,-1,154,172,10,28,48,0.002,0.0652556,0.0259949,0.0640967,0.0272401,7.65695,3.25409,ok,34254
23,circle,300,80,0.783019,1,0.0489074,0.032605,5000,1000,26,8.98593,207,39,13,-1,-1,-1,-1,-1,-1,-1,-1,-1,194,220,26,52,68,0.00283333,0.163151,0.00194722,0.16383,0.00195278,11.8545,0.1413,ok,30570
24,circle,300,80,0.675665,1,0.0429926,0.0286618,5000,1000,22,10.7687,169,33,11,-1,-1,-1,-1,-1,-1,-1,-1,-1,158,180,22,44,56,0.00233333,0.0795849,0.00642576,0.0737499,0.00591903,8.16137,0.655017,ok,31093
25,circle,300,80,0.645315,1,0.0370713,0.0247142,5000,1000,18,9.18396,66,39,9,-1,-1,-1,-1,-1,-1,-1,-1,-1,57,75,30,48,48,0.002,0.044597,-3.05901e-05,0.0451333,-5.11698e-05,8.21034,-0.00930846,ok,30345
26,circle,300,80,0.644864,1,0.0330427,0.0220284,5000,1000,26,11.8609,194,21,13,-1,-1,-1,-1,-1,-1,-1,-1,-1,181,207,8,34,68,0.00283333,0.0514447,0.0173345,0.0418984,0.021885,6.64182,3.46925,ok,30870
27,circle,300,80,0.789981,1,0.0321465,0.021431,5000,1000,26,5.76457,200,54,13,-1,-1,-1,-1,-1,-1,-1,-1,-1,187,213,41,67,68,0.00283333,0.0786953,-0.0288249,0.0787035,-0.0310562,13.1816,-5.20142,ok,30448
28,circle,300,80,0.662913,1,0.0370146,0.0246764,5000,1000,18,8.17937,251,20,9,-1,-1,-1,-1,-1,-1,-1,-1,-1,242,260,11,29,48,0.002,0.0344601,0.0128994,0.0330686,0.014389,6.03406,2.62557,ok,30917
29,circle,300,80,0.639159,1,0.03589,0.0239267,5000,1000,28,14.4428,216,21,14,-1,-1,-1,-1,-1,-1,-1,-1,-1,202,230,7,35,76,0.00316667,0.049967,0.0266994,0.0494313,0.0284549,6.1675,3.55029,ok,33818
30,circle,300,80,0.654136,1,0.0457622,0.0305081,5000,1000,16,9.50063,190,36,8,-1,-1,-1,-1,-1,-1,-1,-1,-1,182,198,28,44,40,0.00166667,0.0548751,0.00026326,0.053566,0.000568851,7.19396,0.0763972,ok,31509
31,circle,300,80,0.771325,1,0.0429472,0.0286315,5000,1000,20,6.33148,152,49,10,-1,-1,-1,-1,-1,-1,-1,-1,-1,142,162,39,59,52,0.00216667,0.0885164,-0.0172242,0.0883154,-0.0175182,10.7733,-2.13699,ok,30898
32,circle,300,80,0.767573,1,0.0312337,0.0208225,5000,1000,16,3.73535,180,23,8,-1,-1,-1,-1,-1,-1,-1,-1,-1,172,188,15,31,40,0.00166667,0.0393931,0.0119003,0.0388686,0.012432,11.2058,3.58416,ok,34724
33,circle,300,80,0.604104,1,0.0491932,0.0327955,5000,1000,28,26.4622,173,37,14,-1,-1,-1,-1,-1,-1,-1,-1,-1,159,187,23,51,76,0.00316667,0.111778,0.00126236,0.0920991,0.000691844,6.11645,0.0459464,ok,30959
34,circle,300,80,0.77689,1,0.0386208,0.0257472,5000,1000,28,7.81092,194,33,14,-1,-1,-1,-1,-1,-1,-1,-1,-1,180,208,19,47,76,0.00316667,0.137373,0.0254252,0.134628,0.0282167,14.506,3.04031,ok,30700
35,circle,300,80,0.703176,1,0.0314432,0.0209621,5000,1000,20,6.19034,268,60,10,-1,-1,-1,-1,-1,-1,-1,-1,-1,258,278,50,70,52,0.00216667,0.0313776,-0.0140101,0.0314352,-0.0147035,7.15395,-3.34619,ok,31091
36,circle,300,80,0.657378,1,0.0390107,0.0260071,5000,1000,18,8.92367,177,35,9,-1,-1,-1,-1,-1,-1,-1,-1,-1,168,186,26,44,48,0.002,0.0511481,0.00196822,0.0488483,0.00185714,8.02458,0.305083,ok,30680
37,circle,300,80,0.619479,1,0.0397169,0.0264779,5000,1000,18,11.9671,220,28,9,-1,-1,-1,-1,-1,-1,-1,-1,-1,211,229,19,37,48,0.002,0.043229,0.00438238,0.0388549,0.00388512,6.15794,0.615735,ok,31281
38,circle,300,80,0.782677,1,0.0406421,0.0270947,5000,1000,22,6.32614,154,51,11,-1,-1,-1,-1,-1,-1,-1,-1,-1,143,165,40,62,56,0.00233333,0.091694,-0.024966,0.0911947,-0.0256403,11.293,-3.17513,ok,30779
39,circle,300,80,0.68287,1,0.030302,0.0202013,5000,1000,24,7.9537,166,50,12,-1,-1,-1,-1,-1,-1,-1,-1,-1,154,178,38,62,64,0.00266667,0.0579089,-0.0140664,0.051578,-0.0143176,10.5323,-2.92369,ok,35723
40,circle,300,80,0.615265,1,0.0330514,0.0220343,5000,1000,22,12.6167,249,37,11,-1,-1,-1,-1,-1,-1,-1,-1,-1,238,260,26,48,56,0.00233333,0.0416033,0.000258417,0.0371584,0.00071098,6.95774,0.133128,ok,30858
41,circle,300,80,0.672898,1,0.0331208,0.0220805,5000,1000,16,6.13,70,45,8,-1,-1,-1,-1,-1,-1,-1,-1,-1,62,78,37,53,40,0.00166667,0.0370699,-0.00258694,0.0382526,-0.00253178,9.80736,-0.649109,ok,33945
42,circle,300,80,0.76052,1,0.0360707,0.0240471,5000,1000,28,7.75355,95,20,14,-1,-1,-1,-1,-1,-1,-1,-1,-1,81,109,6,34,76,0.00316667,0.0857517,0.0360237,0.0784001,0.0362708,9.68418,4.48026,ok,31412
43,circle,300,80,0.682236,1,0.0476527,0.0317685,5000,1000,22,11.5055,108,37,11,-1,-1,-1,-1,-1,-1,-1,-1,-1,97,119,26,48,56,0.00233333,0.0906958,0.00181603,0.0897944,0.00178301,8.08843,0.160609,ok,30719
44,circle,300,80,0.645062,1,0.0384297,0.0256198,5000,1000,26,13.7758,202,57,13,-1,-1,-1,-1,-1,-1,-1,-1,-1,189,215,44,70,68,0.00283333,0.0608459,-0.0228266,0.0552555,-0.0271677,6.47562,-3.18389,ok,31159
45,circle,300,80,0.770883,1,0.0490947,0.0327298,5000,1000,14,5.07471,88,63,7,-1,-1,-1,-1,-1,-1,-1,-1,-1,81,95,56,70,36,0.0015,0.049713,-0.0201144,0.0503134,-0.0204199,6.70963,-2.72313,ok,31065
46,circle,300,80,0.681851,1,0.0344426,0.0229617,5000,1000,28,10.6064,69,47,14,-1,-1,-1,-1,-1,-1,-1,-1,-1,55,83,33,61,76,0.00316667,0.0894025,-0.022421,0.0878159,-0.0197603,11.897,-2.67706,ok,30864
47,circle,300,80,0.682818,1,0.0420781,0.0280521,5000,1000,12,5.52393,237,32,6,-1,-1,-1,-1,-1,-1,-1,-1,-1,231,243,26,38,32,0.00133333,0.0405257,0.0018117,0.0399352,0.00186057,8.45813,0.394061,ok,30971
48,circle,300,80,0.681992,1,0.0419403,0.0279602,5000,1000,26,11.9835,198,59,13,-1,-1,-1,-1,-1,-1,-1,-1,-1,185,211,46,72,68,0.00283333,0.0706206,-0.0295234,0.0646642,-0.0346202,6.36269,-3.40648,ok,34377
49,circle,300,80,0.778625,1,0.0352498,0.0234999,5000,1000,18,4.55448,214,54,9,-1,-1,-1,-1,-1,-1,-1,-1,-1,205,223,45,63,48,0.002,0.0559464,-0.0170645,0.055897,-0.0178678,11.2465,-3.59499,ok,31219
50,circle,300,80,0.623233,1,0.0493458,0.0328972,5000,1000,28,22.424,263,54,14,-1,-1,-1,-1,-1,-1,-1,-1,-1,249,277,40,68,76,0.00316667,0.0841992,-0.0254433,0.0931865,-0.0315774,6.15046,-2.08416,ok,32430
10,circle,300,80,0.861248,1,0.0612515,0.0408343,5000,1000,24,8.13865,240,18,12,-1,-1,-1,-1,-1,-1,-1,-1,-1,228,252,6,30,64,0.00266667,0.138963,0.0647835,0.143876,0.0716758,7.19047,3.58212,ok,44906
11,circle,300,80,0.78738,1,0.0694697,0.0463132,5000,1000,28,13.5371,126,21,14,-1,-1,-1,-1,-1,-1,-1,-1,-1,112,140,7,35,76,0.00316667,0.227881,0.107537,0.220684,0.110715,7.34908,3.68696,ok,46949
12,circle,300,80,0.716235,1,0.10785,0.0719001,5000,1000,24,23.9406,174,58,12,-1,-1,-1,-1,-1,-1,-1,-1,-1,162,186,46,70,64,0.00266667,0.295002,-0.106969,0.306461,-0.112695,4.94008,-1.81661,ok,43295
13,circle,300,80,0.673373,1,0.0440035,0.0293357,5000,1000,18,9.13709,209,20,9,-1,-1,-1,-1,-1,-1,-1,-1,-1,200,218,11,29,48,0.002,0.0483578,0.0176414,0.0462925,0.0188904,5.9769,2.43897,ok,42895
14,circle,300,80,0.956212,1,0.0783571,0.0522381,5000,1000,28,9.61833,240,44,14,-1,-1,-1,-1,-1,-1,-1,-1,-1,226,254,30,58,76,0.00316667,0.498376,-0.0612324,0.512477,-0.0624201,13.4144,-1.63389,ok,43355
15,circle,300,80,0.63435,1,0.0975986,0.0650658,5000,1000,18,26.1523,195,51,9,-1,-1,-1,-1,-1,-1,-1,-1,-1,186,204,42,60,48,0.002,0.170444,0.00219213,0.160122,0.00206647,4.20245,0.0542354,ok,43764
16,circle,300,80,0.816186,1,0.029096,0.0193973,5000,1000,12,2.20852,198,67,6,-1,-1,-1,-1,-1,-1,-1,-1,-1,192,204,61,73,32,0.00133333,0.0205443,-0.00559756,0.0198761,-0.00595764,8.80434,-2.639,ok,45781
17,circle,300,80,0.708713,1,0.0510113,0.0340076,5000,1000,18,8.79874,149,63,9,-1,-1,-1,-1,-1,-1,-1,-1,-1,140,158,54,72,48,0.002,0.0554912,-0.0249983,0.0540822,-0.0259983,5.1959,-2.49776,ok,45302
18,circle,300,80,0.94692,1,0.0586935,0.039129,5000,1000,22,5.77847,113,56,11,-1,-1,-1,-1,-1,-1,-1,-1,-1,102,124,45,67,56,0.00233333,0.17921,-0.0668382,0.180387,-0.0690269,10.7106,-4.09853,ok,41714
19,circle,300,80,0.716899,1,0.118769,0.0791797,5000,1000,20,21.9032,221,37,10,-1,-1,-1,-1,-1,-1,-1,-1,-1,211,231,27,47,52,0.00216667,0.325058,-0.0011194,0.33631,-0.00127292,5.36429,-0.0203036,ok,42664
20,circle,300,80,0.841884,1,0.10138,0.0675868,5000,1000,14,8.30294,261,54,7,-1,-1,-1,-1,-1,-1,-1,-1,-1,254,268,47,61,36,0.0015,0.209205,-0.0268387,0.214277,-0.0271962,6.70121,-0.850524,ok,43076
21,circle,300,80,0.654706,1,0.111196,0.074131,5000,1000,14,20.1253,94,59,7,-1,-1,-1,-1,-1,-1,-1,-1,-1,87,101,52,66,36,0.0015,0.140377,-0.00854342,0.144157,-0.00806223,3.74748,-0.209584,ok,47179
22,circle,300,80,0.621641,1,0.0747594,0.0498396,5000,1000,24,29.5003,77,22,12,-1,-1,-1,-1,-1,-1,-1,-1,-1,65,89,10,34,64,0.00266667,0.146549,0.0428168,0.145344,0.0380967,4.87604,1.27807,ok,46950
23,circle,300,80,0.860875,1,0.0111125,0.00740833,5000,1000,16,0.985382,254,19,8,-1,-1,-1,-1,-1,-1,-1,-1,-1,246,262,11,27,40,0.00166667,0.0121078,0.00232075,0.0125067,0.00252096,28.4847,5.74162,ok,48997
24,circle,300,80,0.927999,1,0.0169765,0.0113177,5000,1000,22,1.74525,167,55,11,-1,-1,-1,-1,-1,-1,-1,-1,-1,156,178,44,66,56,0.00233333,0.0402606,-0.00806283,0.0408371,-0.00858448,28.9832,-6.09264,ok,37782
25,circle,300,80,0.829085,1,0.110778,0.0738522,5000,1000,28,18.851,123,57,14,-1,-1,-1,-1,-1,-1,-1,-1,-1,109,137,43,71,76,0.00316667,0.521204,-0.237922,0.530335,-0.245981,6.94537,-3.22142,ok,35197
26,circle,300,80,0.672241,1,0.0459633,0.0306422,5000,1000,20,10.6742,156,51,10,-1,-1,-1,-1,-1,-1,-1,-1,-1,146,166,41,61,52,0.00216667,0.0689917,-0.0108473,0.0682818,-0.0110609,7.27218,-1.17802,ok,36362
27,circle,300,80,0.62286,1,0.113664,0.075776,5000,1000,18,33.3055,188,38,9,-1,-1,-1,-1,-1,-1,-1,-1,-1,179,197,29,47,48,0.002,0.225007,-0.00168986,0.213698,-0.00180456,4.13518,-0.0349194,ok,35030
28,circle,300,80,0.846568,1,0.0612678,0.0408452,5000,1000,20,7.07138,216,20,10,-1,-1,-1,-1,-1,-1,-1,-1,-1,206,226,10,30,52,0.00216667,0.12497,0.0519685,0.128298,0.0556473,7.69022,3.33551,ok,36106
29,circle,300,80,0.661186,1,0.113779,0.075853,5000,1000,20,28.2356,243,35,10,-1,-1,-1,-1,-1,-1,-1,-1,-1,233,253,25,45,52,0.00216667,0.26746,-0.00105665,0.264476,-0.00327942,4.59665,-0.0569971,ok,37517
30,circle,300,80,0.808125,1,0.0334816,0.0223211,5000,1000,12,2.6079,263,22,6,-1,-1,-1,-1,-1,-1,-1,-1,-1,257,269,16,28,32,0.00133333,0.0341019,0.00992108,0.0345038,0.0103544,11.5421,3.46371,ok,35265
31,circle,300,80,0.667556,1,0.0456369,0.0304246,5000,1000,28,15.2526,258,48,14,-1,-1,-1,-1,-1,-1,-1,-1,-1,244,272,34,62,76,0.00316667,0.101603,-0.0166879,0.107808,-0.0201116,8.31904,-1.55191,ok,38072
32,circle,300,80,0.708093,1,0.0969989,0.064666,5000,1000,22,20.5099,202,48,11,-1,-1,-1,-1,-1,-1,-1,-1,-1,191,213,37,59,56,0.00233333,0.260359,-0.00608134,0.260982,-0.00469627,5.67371,-0.102096,ok,38311
33,circle,300,80,0.584086,1,0.11969,0.0797932,5000,1000,20,56.937,80,21,10,-1,-1,-1,-1,-1,-1,-1,-1,-1,70,90,11,31,52,0.00216667,0.185819,0.00212321,0.198236,0.000366933,3.11351,0.00576307,ok,35320
34,circle,300,80,0.636518,1,0.110984,0.0739894,5000,1000,24,39.0221,119,21,12,-1,-1,-1,-1,-1,-1,-1,-1,-1,107,131,9,33,64,0.00266667,0.253327,0.0663978,0.262472,0.0588009,3.99542,0.895084,ok,35595
35,circle,300,80,0.769836,1,0.0237762,0.0158508,5000,1000,24,4.22946,246,23,12,-1,-1,-1,-1,-1,-1,-1,-1,-1,234,258,11,35,64,0.00266667,0.0388171,0.0143482,0.0407838,0.0162589,13.527,5.3927,ok,35530
36,circle,300,80,0.785135,1,0.0863718,0.0575812,5000,1000,20,12.1166,139,39,10,-1,-1,-1,-1,-1,-1,-1,-1,-1,129,149,29,49,52,0.00216667,0.241717,0.000347582,0.245364,0.000314376,7.4003,0.00948173,ok,35493
37,circle,300,80,0.704222,1,0.0773504,0.0515669,5000,1000,26,19.6953,204,35,13,-1,-1,-1,-1,-1,-1,-1,-1,-1,191,217,22,48,68,0.00283333,0.234686,0.00670201,0.237267,0.00657852,6.8636,0.190302,ok,34796
38,circle,300,80,0.717303,1,0.0592257,0.0394838,5000,1000,16,8.72156,86,20,8,-1,-1,-1,-1,-1,-1,-1,-1,-1,78,94,12,28,40,0.00166667,0.0742307,0.0255371,0.0756583,0.0253684,6.06638,2.03407,ok,35504
39,circle,300,80,0.77364,1,0.0377822,0.0251882,5000,1000,22,6.07521,78,50,11,-1,-1,-1,-1,-1,-1,-1,-1,-1,67,89,39,61,56,0.00233333,0.0865718,-0.0231024,0.0856775,-0.0226103,12.2767,-3.23981,ok,38550
40,circle,300,80,0.699003,1,0.0944469,0.0629646,5000,1000,12,11.3904,211,25,6,-1,-1,-1,-1,-1,-1,-1,-1,-1,205,217,19,31,32,0.00133333,0.119328,0.00290258,0.118789,0.00282972,4.99383,0.11896,ok,36141
41,circle,300,80,0.646135,1,0.0918041,0.0612027,5000,1000,22,27.6415,86,39,11,-1,-1,-1,-1,-1,-1,-1,-1,-1,75,97,28,50,56,0.00233333,0.203433,-0.0011862,0.209543,-0.00122753,5.08557,-0.0297919,ok,38307
42,circle,300,80,0.868919,1,0.0614753,0.0409836,5000,1000,22,7.33201,57,39,11,-1,-1,-1,-1,-1,-1,-1,-1,-1,46,68,28,50,56,0.00233333,0.213154,0.00104572,0.213944,0.00105804,11.5795,0.057265,ok,34981
43,circle,300,80,0.787934,1,0.115183,0.0767885,5000,1000,22,17.6014,56,40,11,-1,-1,-1,-1,-1,-1,-1,-1,-1,45,67,29,51,56,0.00233333,0.430546,-0.00407879,0.432225,-0.00416207,6.66384,-0.0641688,ok,35823
44,circle,300,80,0.687975,1,0.0517806,0.0345204,5000,1000,20,11.0186,233,60,10,-1,-1,-1,-1,-1,-1,-1,-1,-1,223,243,50,70,52,0.00216667,0.0654348,-0.0276213,0.0634048,-0.0298051,5.32073,-2.50115,ok,35795
45,circle,300,80,0.731855,1,0.0336004,0.0224003,5000,1000,20,5.7968,69,56,10,-1,-1,-1,-1,-1,-1,-1,-1,-1,59,79,46,66,52,0.00216667,0.0518126,-0.0202272,0.0513842,-0.0200062,10.2406,-3.98712,ok,35658
46,circle,300,80,0.936337,1,0.0122239,0.00814924,5000,1000,20,1.12059,167,56,10,-1,-1,-1,-1,-1,-1,-1,-1,-1,157,177,46,66,52,0.00216667,0.0252622,-0.00378849,0.0255587,-0.00403774,38.4862,-6.08,ok,38567
47,circle,300,80,0.612217,1,0.0671852,0.0447901,5000,1000,18,21.5534,240,48,9,-1,-1,-1,-1,-1,-1,-1,-1,-1,231,249,39,57,48,0.002,0.0804653,-0.000419944,0.0830815,0.000668214,4.60148,0.0370091,ok,38412
48,circle,300,80,0.76168,1,0.0150884,0.0100589,5000,1000,16,1.84511,188,48,8,-1,-1,-1,-1,-1,-1,-1,-1,-1,180,196,40,56,40,0.00166667,0.0205256,-0.00290507,0.019879,-0.00305724,24.5585,-3.77691,ok,36023
49,circle,300,80,0.880454,1,0.0884203,0.0589469,5000,1000,26,12.0852,111,29,13,-1,-1,-1,-1,-1,-1,-1,-1,-1,98,124,16,42,68,0.00283333,0.421354,0.100889,0.426404,0.101229,9.43966,2.241,ok,38471
50,circle,300,80,0.946767,1,0.0998126,0.0665417,5000,1000,24,10.7237,219,37,12,-1,-1,-1,-1,-1,-1,-1,-1,-1,207,231,25,49,64,0.00266667,0.51696,0.0184354,0.530035,0.018482,9.97552,0.34784,ok,35877
51,circle,300,80,0.80853,1,0.0216739,0.0144493,5000,1000,16,2.24797,151,49,8,-1,-1,-1,-1,-1,-1,-1,-1,-1,143,159,41,57,40,0.00166667,0.0337935,-0.00605753,0.0338957,-0.00616449,20.2937,-3.69074,ok,35273
52,circle,300,80,0.612002,1,0.0420285,0.028019,5000,1000,20,15.01,199,25,10,-1,-1,-1,-1,-1,-1,-1,-1,-1,189,209,15,35,52,0.00216667,0.0508359,0.00557582,0.0444885,0.00763661,5.66686,0.972738,ok,36036
53,circle,300,80,0.955634,1,0.114252,0.0761683,5000,1000,14,7.02113,162,39,7,-1,-1,-1,-1,-1,-1,-1,-1,-1,155,169,32,46,36,0.0015,0.347101,0.000580361,0.355556,0.000560481,8.75512,0.0138011,ok,35598
54,circle,300,80,0.830698,1,0.0320361,0.0213574,5000,1000,26,5.03745,107,32,13,-1,-1,-1,-1,-1,-1,-1,-1,-1,94,120,19,45,68,0.00283333,0.111178,0.0225745,0.108732,0.0236467,18.3366,3.98779,ok,35778
55,circle,300,80,0.944727,1,0.0794667,0.0529778,5000,1000,20,7.14746,230,34,10,-1,-1,-1,-1,-1,-1,-1,-1,-1,220,240,24,44,52,0.00216667,0.293284,0.025618,0.30062,0.0260513,10.711,0.928201,ok,35618
56,circle,300,80,0.618666,1,0.0922851,0.0615234,5000,1000,14,21.7753,256,46,7,-1,-1,-1,-1,-1,-1,-1,-1,-1,249,263,39,53,36,0.0015,0.113762,0.0028822,0.112966,0.0027642,4.26353,0.104326,ok,38491
57,circle,300,80,0.829783,1,0.0797296,0.0531531,5000,1000,16,7.73644,86,25,8,-1,-1,-1,-1,-1,-1,-1,-1,-1,78,94,17,33,40,0.00166667,0.169507,0.0337859,0.17122,0.0333124,7.57542,1.47387,ok,38694
58,circle,300,80,0.926003,1,0.0826671,0.0551114,5000,1000,24,9.31454,259,52,12,-1,-1,-1,-1,-1,-1,-1,-1,-1,247,271,40,64,64,0.00266667,0.351221,-0.106343,0.358243,-0.108557,9.82909,-2.97846,ok,36031
59,circle,300,80,0.922136,1,0.119821,0.079881,5000,1000,26,14.76,166,58,13,-1,-1,-1,-1,-1,-1,-1,-1,-1,153,179,45,71,68,0.00283333,0.565442,-0.261115,0.593561,-0.274723,7.15541,-3.3118,ok,36052
60,circle,300,80,0.794132,1,0.0245562,0.0163708,5000,1000,14,2.33763,77,48,7,-1,-1,-1,-1,-1,-1,-1,-1,-1,70,84,41,55,36,0.0015,0.0343547,-0.00557406,0.0347739,-0.0055384,18.536,-2.95221,ok,35065
61,circle,300,80,0.672079,1,0.0254684,0.0169789,5000,1000,18,5.32816,151,43,9,-1,-1,-1,-1,-1,-1,-1,-1,-1,142,160,34,52,48,0.002,0.0307398,-0.00179629,0.0303435,-0.00186511,11.695,-0.718855,ok,36320
62,circle,300,80,0.622435,1,0.107701,0.071801,5000,1000,18,31.6679,243,54,9,-1,-1,-1,-1,-1,-1,-1,-1,-1,234,252,45,63,48,0.002,0.171654,0.00108574,0.169711,0.00208211,3.6577,0.0448746,ok,39139
63,circle,300,80,0.796255,1,0.0571373,0.0380915,5000,1000,18,6.94314,219,57,9,-1,-1,-1,-1,-1,-1,-1,-1,-1,210,228,48,66,48,0.002,0.0995392,-0.0356486,0.10137,-0.0375098,7.76264,-2.8724,ok,36003
64,circle,300,80,0.957124,1,0.0473955,0.031597,5000,1000,20,4.14727,242,47,10,-1,-1,-1,-1,-1,-1,-1,-1,-1,232,252,37,57,52,0.00216667,0.153539,-0.0271179,0.157557,-0.0282746,15.7814,-2.83208,ok,39316
65,circle,300,80,0.779055,1,0.0747506,0.0498337,5000,1000,24,12.8578,100,30,12,-1,-1,-1,-1,-1,-1,-1,-1,-1,88,112,18,42,64,0.00266667,0.246918,0.0376735,0.243585,0.0377848,8.17378,1.26791,ok,38670
66,circle,300,80,0.62717,1,0.0997199,0.0664799,5000,1000,20,31.3659,241,53,10,-1,-1,-1,-1,-1,-1,-1,-1,-1,231,251,43,63,52,0.00216667,0.179967,-0.000356017,0.176646,0.000547113,3.9969,0.0123793,ok,36102
67,circle,300,80,0.950175,1,0.114101,0.0760674,5000,1000,20,10.1384,63,44,10,-1,-1,-1,-1,-1,-1,-1,-1,-1,53,73,34,54,52,0.00216667,0.4993,-0.0248904,0.502686,-0.0249337,8.6876,-0.430914,ok,35909
68,circle,300,80,0.85722,1,0.114934,0.0766227,5000,1000,16,10.2958,70,55,8,-1,-1,-1,-1,-1,-1,-1,-1,-1,62,78,47,63,40,0.00166667,0.306559,-0.0502759,0.30896,-0.050089,6.57806,-1.06644,ok,36091
69,circle,300,80,0.927762,1,0.0824473,0.0549649,5000,1000,24,9.25157,119,52,12,-1,-1,-1,-1,-1,-1,-1,-1,-1,107,131,40,64,64,0.00266667,0.351112,-0.107021,0.356003,-0.108601,9.81978,-2.99559,ok,36185
70,circle,300,80,0.78384,1,0.0691577,0.0461051,5000,1000,14,6.8222,257,22,7,-1,-1,-1,-1,-1,-1,-1,-1,-1,250,264,15,29,36,0.0015,0.0991547,0.0254907,0.100698,0.0264688,6.76741,1.77884,ok,35895
71,circle,300,80,0.655917,1,0.0985374,0.0656916,5000,1000,12,15.1676,94,26,6,-1,-1,-1,-1,-1,-1,-1,-1,-1,88,100,20,32,32,0.00133333,0.112511,-0.00161057,0.115175,-0.00198033,4.44822,-0.0764832,ok,36535
72,circle,300,80,0.608167,1,0.078423,0.052282,5000,1000,20,29.0008,123,55,10,-1,-1,-1,-1,-1,-1,-1,-1,-1,113,133,45,65,52,0.00216667,0.109846,-0.00403238,0.110386,-0.00391757,4.03841,-0.143322,ok,39237
73,circle,300,80,0.91891,1,0.0110007,0.00733382,5000,1000,16,0.840331,183,52,8,-1,-1,-1,-1,-1,-1,-1,-1,-1,175,191,44,60,40,0.00166667,0.0200375,-0.00230544,0.0202097,-0.00244356,46.9689,-5.67902,ok,39236
74,circle,300,80,0.669149,1,0.040184,0.0267893,5000,1000,20,9.50265,263,38,10,-1,-1,-1,-1,-1,-1,-1,-1,-1,253,273,28,48,52,0.00216667,0.0563976,0.000626006,0.0572451,0.000759458,7.97655,0.105823,ok,36317
75,circle,300,80,0.904362,1,0.0820567,0.0547045,5000,1000,22,8.92888,241,52,11,-1,-1,-1,-1,-1,-1,-1,-1,-1,230,252,41,63,56,0.00233333,0.295758,-0.0768885,0.301096,-0.0787691,9.14674,-2.39286,ok,35691
76,circle,300,80,0.733305,1,0.0787435,0.0524957,5000,1000,20,13.5005,159,54,10,-1,-1,-1,-1,-1,-1,-1,-1,-1,149,169,44,64,52,0.00216667,0.172054,-0.034585,0.170354,-0.0332107,6.18167,-1.20512,ok,36458
77,circle,300,80,0.796914,1,0.0780452,0.0520302,5000,1000,18,9.46278,83,64,9,-1,-1,-1,-1,-1,-1,-1,-1,-1,74,92,55,73,48,0.002,0.12638,-0.0609007,0.125065,-0.0612174,5.13313,-2.51259,ok,36144
78,circle,300,80,0.827882,1,0.0621224,0.0414149,5000,1000,26,9.85221,71,52,13,-1,-1,-1,-1,-1,-1,-1,-1,-1,58,84,39,65,68,0.00283333,0.237394,-0.0841926,0.233152,-0.0831332,10.4564,-3.72835,ok,39752
79,circle,300,80,0.618476,1,0.0600091,0.0400061,5000,1000,26,26.3385,145,37,13,-1,-1,-1,-1,-1,-1,-1,-1,-1,132,158,24,50,68,0.00283333,0.118051,0.00188819,0.118176,0.00033915,5.67982,0.0163003,ok,36230
80,circle,300,80,0.629785,1,0.110331,0.073554,5000,1000,18,30.6038,234,31,9,-1,-1,-1,-1,-1,-1,-1,-1,-1,225,243,22,40,48,0.002,0.19396,-0.00266449,0.195708,-0.00531181,4.01933,-0.109091,ok,39621
81,circle,300,80,0.82415,1,0.0496154,0.0330769,5000,1000,14,4.28576,201,45,7,-1,-1,-1,-1,-1,-1,-1,-1,-1,194,208,38,52,36,0.0015,0.0889948,-0.00588317,0.0889456,-0.00606071,11.6138,-0.791361,ok,39693
82,circle,300,80,0.919136,1,0.0148344,0.00988962,5000,1000,26,1.84043,216,22,13,-1,-1,-1,-1,-1,-1,-1,-1,-1,203,229,9,35,68,0.00283333,0.0378963,0.00762864,0.0397393,0.00838426,31.2548,6.5942,ok,36380
83,circle,300,80,0.604377,1,0.114796,0.0765305,5000,1000,22,48.392,130,56,11,-1,-1,-1,-1,-1,-1,-1,-1,-1,119,141,45,67,56,0.00233333,0.212323,0.000224517,0.226844,-0.00107533,3.52099,-0.0166908,ok,36550
84,circle,300,80,0.626376,1,0.0911551,0.0607701,5000,1000,16,23.0816,82,34,8,-1,-1,-1,-1,-1,-1,-1,-1,-1,74,90,26,42,40,0.00166667,0.134635,-0.00258869,0.13621,-0.00324982,4.61042,-0.109999,ok,36712
85,circle,300,80,0.775647,1,0.0869094,0.0579396,5000,1000,24,15.134,227,44,12,-1,-1,-1,-1,-1,-1,-1,-1,-1,215,239,32,56,64,0.00266667,0.296123,-0.0109251,0.303155,-0.011074,7.52546,-0.2749,ok,36645
86,circle,300,80,0.603374,1,0.0773934,0.0515956,5000,1000,18,26.9523,227,53,9,-1,-1,-1,-1,-1,-1,-1,-1,-1,218,236,44,62,48,0.002,0.0995768,-0.00474846,0.0943373,0.000368381,3.93746,0.0153755,ok,35872
87,circle,300,80,0.880621,1,0.113297,0.0755311,5000,1000,28,16.6691,174,59,14,-1,-1,-1,-1,-1,-1,-1,-1,-1,160,188,45,73,76,0.00316667,0.525529,-0.263571,0.551585,-0.281673,6.90609,-3.52667,ok,36407
88,circle,300,80,0.913863,1,0.0928908,0.0619272,5000,1000,16,7.18235,187,51,8,-1,-1,-1,-1,-1,-1,-1,-1,-1,179,195,43,59,40,0.00166667,0.253037,-0.0330336,0.257965,-0.0332924,8.40831,-1.08516,ok,39674
89,circle,300,80,0.678339,1,0.0750177,0.0500118,5000,1000,28,23.5562,189,35,14,-1,-1,-1,-1,-1,-1,-1,-1,-1,175,203,21,49,76,0.00316667,0.250567,0.0016217,0.237724,0.00634515,6.78889,0.181204,ok,39743
90,circle,300,80,0.881873,1,0.118996,0.0793308,5000,1000,22,13.7109,223,37,11,-1,-1,-1,-1,-1,-1,-1,-1,-1,212,234,26,48,56,0.00233333,0.5229,0.00654012,0.537573,0.0065139,7.76535,0.0940946,ok,36513
91,circle,300,80,0.836892,1,0.0710814,0.0473876,5000,1000,16,6.75173,69,54,8,-1,-1,-1,-1,-1,-1,-1,-1,-1,61,77,46,62,40,0.00166667,0.151175,-0.0351493,0.151926,-0.0350649,8.45696,-1.95188,ok,37005
92,circle,300,80,0.934108,1,0.100235,0.0668231,5000,1000,18,8.31232,198,51,9,-1,-1,-1,-1,-1,-1,-1,-1,-1,189,207,42,60,48,0.002,0.332024,-0.0534063,0.339305,-0.0538212,8.44295,-1.33924,ok,36253
93,circle,300,80,0.803459,1,0.0582691,0.038846,5000,1000,16,6.14453,73,32,8,-1,-1,-1,-1,-1,-1,-1,-1,-1,65,81,24,40,40,0.00166667,0.116642,0.010187,0.11724,0.0100093,9.71162,0.829127,ok,36579
94,circle,300,80,0.758921,1,0.0650597,0.0433731,5000,1000,22,11.056,203,39,11,-1,-1,-1,-1,-1,-1,-1,-1,-1,192,214,28,50,56,0.00233333,0.173712,0.000762184,0.172699,0.000754612,8.34557,0.0364661,ok,39416
95,circle,300,80,0.736073,1,0.112435,0.0749569,5000,1000,26,24.7662,169,20,13,-1,-1,-1,-1,-1,-1,-1,-1,-1,156,182,7,33,68,0.00283333,0.35501,0.162521,0.37507,0.172106,5.13505,2.35629,ok,36795
96,circle,300,80,0.833861,1,0.0588327,0.0392218,5000,1000,14,4.93414,79,20,7,-1,-1,-1,-1,-1,-1,-1,-1,-1,72,86,13,27,36,0.0015,0.0869258,0.0295133,0.0876251,0.029852,8.13721,2.77217,ok,39155
97,circle,300,80,0.814042,1,0.0692575,0.0461717,5000,1000,28,12.35,249,47,14,-1,-1,-1,-1,-1,-1,-1,-1,-1,235,263,33,61,76,0.00316667,0.303856,-0.0572942,0.315576,-0.0577967,10.5736,-1.93653,ok,40141
98,circle,300,80,0.685348,1,0.0810992,0.0540661,5000,1000,28,24.5028,261,33,14,-1,-1,-1,-1,-1,-1,-1,-1,-1,247,275,19,47,76,0.00316667,0.256105,0.0147113,0.274808,0.0142255,6.71507,0.347607,ok,36735
99,circle,300,80,0.913024,1,0.0976748,0.0651165,5000,1000,22,10.4054,116,31,11,-1,-1,-1,-1,-1,-1,-1,-1,-1,105,127,20,42,56,0.00233333,0.404829,0.0494052,0.41178,0.0486323,8.82857,1.04268,ok,36738
100,circle,300,80,0.886035,1,0.108599,0.0723992,5000,1000,20,11.2527,161,40,10,-1,-1,-1,-1,-1,-1,-1,-1,-1,151,171,30,50,52,0.00216667,0.412232,-0.00148314,0.420404,-0.00142017,8.02046,-0.027094,ok,37183
1,circle,300,80,0.710558,1,0.0586286,0.0390857,5000,1000,12,6.68266,146,63,6,-1,-1,-1,-1,-1,-1,-1,-1,-1,140,152,57,69,32,0.00133333,0.0463586,-0.0167011,0.0463305,-0.0172352,5.05451,-1.8803,ok,89460
2,circle,300,80,0.821917,1,0.0650122,0.0433414,5000,1000,24,9.69376,57,24,12,-1,-1,-1,-1,-1,-1,-1,-1,-1,45,69,12,36,64,0.00266667,0.210051,0.0878707,0.211424,0.0884387,9.3792,3.92332,ok,86293
3,circle,300,80,0.878082,1,0.0475904,0.0317269,5000,1000,24,6.04192,163,39,12,-1,-1,-1,-1,-1,-1,-1,-1,-1,151,175,27,51,64,0.00266667,0.17899,0.00234726,0.179203,0.00240052,14.8357,0.198732,ok,86159
4,circle,300,80,0.667204,1,0.0982975,0.0655317,5000,1000,24,28.2187,185,33,12,-1,-1,-1,-1,-1,-1,-1,-1,-1,173,197,21,45,64,0.00266667,0.280147,0.00227869,0.267508,0.00105682,5.19102,0.0205076,ok,86607
5,circle,300,80,0.725859,1,0.0903036,0.0602024,5000,1000,18,14.3936,225,27,9,-1,-1,-1,-1,-1,-1,-1,-1,-1,216,234,18,36,48,0.002,0.184459,0.0153752,0.185893,0.0142466,5.69893,0.436759,ok,86615
6,circle,300,80,0.642421,1,0.0414227,0.0276151,5000,1000,18,10.4705,196,41,9,-1,-1,-1,-1,-1,-1,-1,-1,-1,187,205,32,50,48,0.002,0.0524706,-0.000148266,0.0500424,-0.000418611,7.29123,-0.0609921,ok,86683
7,circle,300,80,0.933407,1,0.08899,0.0593267,5000,1000,22,9.03437,255,45,11,-1,-1,-1,-1,-1,-1,-1,-1,-1,244,266,34,56,56,0.00233333,0.375175,-0.0303084,0.384752,-0.0305399,9.93776,-0.788814,ok,86780
8,circle,300,80,0.693378,1,0.0599581,0.0399721,5000,1000,20,12.4023,220,31,10,-1,-1,-1,-1,-1,-1,-1,-1,-1,210,230,21,41,52,0.00216667,0.10938,0.00816298,0.108351,0.00722265,6.78141,0.452047,ok,86699
9,circle,300,80,0.681843,1,0.0545846,0.0363897,5000,1000,24,14.4083,267,57,12,-1,-1,-1,-1,-1,-1,-1,-1,-1,255,279,45,69,64,0.00266667,0.0913214,-0.0382368,0.0965115,-0.0408984,6.07351,-2.57376,ok,86905
10,circle,300,80,0.580842,1,0.0550548,0.0367032,5000,1000,26,35.4127,222,58,13,-1,-1,-1,-1,-1,-1,-1,-1,-1,209,235,45,71,68,0.00283333,0.062756,-0.0291397,0.0690367,-0.0268233,3.94212,-1.53165,ok,87155
11,circle,300,80,0.928529,1,0.0562674,0.0375116,5000,1000,26,6.82779,265,52,13,-1,-1,-1,-1,-1,-1,-1,-1,-1,252,278,39,65,68,0.00283333,0.232234,-0.0784932,0.237568,-0.0813144,12.9871,-4.44522,ok,87414
12,circle,300,80,0.907312,1,0.078979,0.0526527,5000,1000,28,10.8586,216,31,14,-1,-1,-1,-1,-1,-1,-1,-1,-1,202,230,17,45,76,0.00316667,0.447035,0.103103,0.455604,0.105503,11.7386,2.71828,ok,87024
13,circle,300,80,0.702467,1,0.0496673,0.0331115,5000,1000,14,6.8687,269,29,7,-1,-1,-1,-1,-1,-1,-1,-1,-1,262,276,22,36,36,0.0015,0.0576926,0.00504699,0.0582496,0.00493487,7.58991,0.643012,ok,86909
14,circle,300,80,0.959869,1,0.0800734,0.0533823,5000,1000,16,5.57191,122,50,8,-1,-1,-1,-1,-1,-1,-1,-1,-1,114,130,42,58,40,0.00166667,0.225781,-0.0348034,0.230313,-0.0349747,10.1026,-1.53416,ok,87421
15,circle,300,80,0.912198,1,0.0612241,0.0408161,5000,1000,24,7.12947,91,20,12,-1,-1,-1,-1,-1,-1,-1,-1,-1,79,103,8,32,64,0.00266667,0.183196,0.0789597,0.179761,0.0807876,8.99191,4.04111,ok,87832
16,circle,300,80,0.759646,1,0.0608399,0.04056,5000,1000,22,10.31,227,26,11,-1,-1,-1,-1,-1,-1,-1,-1,-1,216,238,15,37,56,0.00233333,0.140058,0.0379213,0.140512,0.0393203,7.7647,2.17284,ok,88114
17,circle,300,80,0.81801,1,0.0405396,0.0270264,5000,1000,14,3.56941,215,37,7,-1,-1,-1,-1,-1,-1,-1,-1,-1,208,222,30,44,36,0.0015,0.0691754,0.0024651,0.0691372,0.00249889,13.5219,0.488734,ok,88649
18,circle,300,80,0.656543,1,0.0963004,0.0642003,5000,1000,20,24.6067,113,30,10,-1,-1,-1,-1,-1,-1,-1,-1,-1,103,123,20,40,52,0.00216667,0.195226,-9.06938e-05,0.19657,-0.00111473,4.76919,-0.0270455,ok,88066
19,circle,300,80,0.787403,1,0.0544803,0.0363202,5000,1000,28,10.6154,142,59,14,-1,-1,-1,-1,-1,-1,-1,-1,-1,128,156,45,73,76,0.00316667,0.148797,-0.0706822,0.144687,-0.0733493,7.8344,-3.97165,ok,88760
20,circle,300,80,0.833246,1,0.055366,0.0369107,5000,1000,12,3.9874,82,34,6,-1,-1,-1,-1,-1,-1,-1,-1,-1,76,88,28,40,32,0.00133333,0.0904259,0.0046546,0.0914734,0.00458316,11.1902,0.560673,ok,88898
21,circle,300,80,0.956578,1,0.0630735,0.042049,5000,1000,22,6.07834,138,53,11,-1,-1,-1,-1,-1,-1,-1,-1,-1,127,149,42,64,56,0.00233333,0.217749,-0.069771,0.22273,-0.0721675,11.4519,-3.71055,ok,88152
22,circle,300,80,0.81782,1,0.0942762,0.0628508,5000,1000,12,7.11922,159,26,6,-1,-1,-1,-1,-1,-1,-1,-1,-1,153,165,20,32,32,0.00133333,0.159116,0.0135182,0.161727,0.0132023,6.82355,0.55703,ok,88764
23,circle,300,80,0.584938,1,0.0429864,0.0286576,5000,1000,20,20.2436,75,34,10,-1,-1,-1,-1,-1,-1,-1,-1,-1,65,85,24,44,52,0.00216667,0.0348072,-0.00143453,0.0441176,-1.46248e-05,5.37195,-0.00178078,ok,89351
24,circle,300,80,0.799147,1,0.068452,0.0456347,5000,1000,14,6.40708,160,42,7,-1,-1,-1,-1,-1,-1,-1,-1,-1,153,167,35,49,36,0.0015,0.128578,-0.0019258,0.129613,-0.00186963,8.89122,-0.128253,ok,89614
25,circle,300,80,0.809085,1,0.0819277,0.0546185,5000,1000,14,7.42182,224,54,7,-1,-1,-1,-1,-1,-1,-1,-1,-1,217,231,47,61,36,0.0015,0.146108,-0.0222984,0.147799,-0.0223052,7.07771,-1.06814,ok,89098
26,circle,300,80,0.825062,1,0.09271,0.0618067,5000,1000,20,11.4083,90,60,10,-1,-1,-1,-1,-1,-1,-1,-1,-1,80,100,50,70,52,0.00216667,0.225729,-0.098249,0.225351,-0.0992919,5.89914,-2.59922,ok,89585
27,circle,300,80,0.602806,1,0.0575598,0.0383732,5000,1000,14,15.6769,213,35,7,-1,-1,-1,-1,-1,-1,-1,-1,-1,206,220,28,42,36,0.0015,0.0574257,-0.000774611,0.0527141,-0.000658153,5.11414,-0.0638517,ok,89654
28,circle,300,80,0.957598,1,0.0760556,0.0507038,5000,1000,16,5.3186,135,50,8,-1,-1,-1,-1,-1,-1,-1,-1,-1,127,143,42,58,40,0.00166667,0.209524,-0.0335632,0.214137,-0.0338936,10.4117,-1.64796,ok,90112
29,circle,300,80,0.584289,1,0.0760325,0.0506883,5000,1000,22,39.6899,193,52,11,-1,-1,-1,-1,-1,-1,-1,-1,-1,182,204,41,63,56,0.00233333,0.122879,0.00168062,0.110244,0.00250243,3.90075,0.0885428,ok,89848
30,circle,300,80,0.74076,1,0.0911003,0.0607336,5000,1000,16,12.1084,227,16,8,-1,-1,-1,-1,-1,-1,-1,-1,-1,219,235,8,24,40,0.00166667,0.121432,0.0495184,0.121736,0.0513434,4.12544,1.73995,ok,89972
31,circle,300,80,0.6935,1,0.0636246,0.0424164,5000,1000,24,15.7828,166,52,12,-1,-1,-1,-1,-1,-1,-1,-1,-1,154,178,40,64,64,0.00266667,0.156093,-0.0306552,0.145477,-0.0302976,6.73825,-1.40333,ok,90234
32,circle,300,80,0.870349,1,0.089599,0.0597326,5000,1000,22,10.645,136,44,11,-1,-1,-1,-1,-1,-1,-1,-1,-1,125,147,33,55,56,0.00233333,0.337767,-0.0171566,0.344722,-0.0165968,8.78321,-0.422871,ok,90351
33,circle,300,80,0.799831,1,0.0565873,0.0377249,5000,1000,14,5.28447,243,21,7,-1,-1,-1,-1,-1,-1,-1,-1,-1,236,250,14,28,36,0.0015,0.0756525,0.0235281,0.0762214,0.0247543,7.65108,2.48483,ok,90465
34,circle,300,80,0.754492,1,0.0792294,0.0528196,5000,1000,24,14.9435,190,22,12,-1,-1,-1,-1,-1,-1,-1,-1,-1,178,202,10,34,64,0.00266667,0.209156,0.0805371,0.210339,0.0872753,6.28273,2.60688,ok,90932
35,circle,300,80,0.705916,1,0.0900581,0.0600388,5000,1000,14,12.2459,123,35,7,-1,-1,-1,-1,-1,-1,-1,-1,-1,116,130,28,42,36,0.0015,0.149127,-0.000597799,0.150573,-0.000816552,5.96742,-0.032361,ok,91178
36,circle,300,80,0.626229,1,0.0851103,0.0567402,5000,1000,12,16.182,273,38,6,-1,-1,-1,-1,-1,-1,-1,-1,-1,267,279,32,44,32,0.00133333,0.0894338,-0.000486862,0.0901455,-0.000511052,4.66672,-0.0264565,ok,91225
37,circle,300,80,0.702476,1,0.0536263,0.0357508,5000,1000,16,8.47526,76,56,8,-1,-1,-1,-1,-1,-1,-1,-1,-1,68,84,48,64,40,0.00166667,0.069895,-0.0177095,0.0705738,-0.0175078,6.90209,-1.71225,ok,91231
38,circle,300,80,0.719628,1,0.0899487,0.0599658,5000,1000,16,13.1056,185,22,8,-1,-1,-1,-1,-1,-1,-1,-1,-1,177,193,14,30,40,0.00166667,0.146511,0.0234866,0.145412,0.0236289,5.05479,0.821385,ok,91438
39,circle,300,80,0.860796,1,0.0571891,0.0381261,5000,1000,20,6.34033,179,32,10,-1,-1,-1,-1,-1,-1,-1,-1,-1,169,189,22,42,52,0.00216667,0.162347,0.0234894,0.163167,0.0237766,11.2251,1.63571,ok,91852
40,circle,300,80,0.931358,1,0.0547425,0.036495,5000,1000,28,7.1068,186,33,14,-1,-1,-1,-1,-1,-1,-1,-1,-1,172,200,19,47,76,0.00316667,0.297306,0.0594986,0.304311,0.0626763,16.3201,3.36131,ok,92101
41,circle,300,80,0.776468,1,0.0474485,0.0316323,5000,1000,26,8.92444,248,50,13,-1,-1,-1,-1,-1,-1,-1,-1,-1,235,261,37,63,68,0.00283333,0.137433,-0.039843,0.141435,-0.0426669,10.873,-3.28009,ok,92198
42,circle,300,80,0.617366,1,0.0891764,0.0594509,5000,1000,20,30.3925,129,20,10,-1,-1,-1,-1,-1,-1,-1,-1,-1,119,139,10,30,52,0.00216667,0.123147,0.0239447,0.128385,0.023162,3.63242,0.655326,ok,92865
43,circle,300,80,0.919452,1,0.0986351,0.0657567,5000,1000,28,13.1685,249,39,14,-1,-1,-1,-1,-1,-1,-1,-1,-1,235,263,25,53,76,0.00316667,0.636708,0.0056244,0.654046,0.00558517,10.8044,0.092263,ok,92325
44,circle,300,80,0.798353,1,0.0589317,0.0392878,5000,1000,24,9.48112,221,42,12,-1,-1,-1,-1,-1,-1,-1,-1,-1,209,233,30,54,64,0.00266667,0.185499,-0.00853792,0.189801,-0.00853278,10.2471,-0.460674,ok,92305
45,circle,300,80,0.612838,1,0.0881973,0.0587982,5000,1000,12,18.759,227,16,6,-1,-1,-1,-1,-1,-1,-1,-1,-1,221,233,10,22,32,0.00133333,0.0612626,0.0107397,0.0588665,0.0102038,2.83784,0.491905,ok,92710
46,circle,300,80,0.858255,1,0.0962728,0.0641819,5000,1000,26,13.9738,217,33,13,-1,-1,-1,-1,-1,-1,-1,-1,-1,204,230,20,46,68,0.00283333,0.470962,0.0459379,0.480069,0.0453684,8.96469,0.847198,ok,93118
47,circle,300,80,0.692931,1,0.076533,0.051022,5000,1000,24,19.0409,100,50,12,-1,-1,-1,-1,-1,-1,-1,-1,-1,88,112,38,62,64,0.00266667,0.202493,-0.0226319,0.199378,-0.0204695,6.38234,-0.655257,ok,93333
48,circle,300,80,0.783952,1,0.0976878,0.0651252,5000,1000,28,19.2656,170,33,14,-1,-1,-1,-1,-1,-1,-1,-1,-1,156,184,19,47,76,0.00316667,0.461284,0.0368077,0.475165,0.0360998,8.00237,0.607964,ok,93225
49,circle,300,80,0.742656,1,0.0840357,0.0560238,5000,1000,18,12.4674,156,17,9,-1,-1,-1,-1,-1,-1,-1,-1,-1,147,165,8,26,48,0.002,0.131138,0.0579569,0.130555,0.0592071,4.62176,2.09598,ok,92819
50,circle,300,80,0.672847,1,0.0427918,0.0285279,5000,1000,20,9.90282,236,52,10,-1,-1,-1,-1,-1,-1,-1,-1,-1,226,246,42,62,52,0.00216667,0.0608764,-0.0126126,0.059366,-0.012937,7.29456,-1.58963,ok,93933
51,circle,300,80,0.661942,1,0.0421693,0.0281129,5000,1000,12,6.24954,115,41,6,-1,-1,-1,-1,-1,-1,-1,-1,-1,109,121,35,47,32,0.00133333,0.0396329,-0.000247287,0.0390705,-0.000280131,8.23925,-0.0590745,ok,93500
52,circle,300,80,0.740824,1,0.0561365,0.0374243,5000,1000,20,9.32406,155,22,10,-1,-1,-1,-1,-1,-1,-1,-1,-1,145,165,12,32,52,0.00216667,0.0978012,0.0361301,0.0971745,0.0367215,6.93816,2.62188,ok,93552
53,circle,300,80,0.746079,1,0.0853454,0.056897,5000,1000,18,12.4856,205,32,9,-1,-1,-1,-1,-1,-1,-1,-1,-1,196,214,23,41,48,0.002,0.190523,0.00627431,0.190695,0.00612884,6.54512,0.210357,ok,94016
54,circle,300,80,0.697608,1,0.0691746,0.0461164,5000,1000,24,16.8029,160,53,12,-1,-1,-1,-1,-1,-1,-1,-1,-1,148,172,41,65,64,0.00266667,0.173187,-0.0387469,0.164413,-0.0377403,6.44234,-1.47881,ok,94135
55,circle,300,80,0.827555,1,0.0773408,0.0515605,5000,1000,12,5.66677,123,66,6,-1,-1,-1,-1,-1,-1,-1,-1,-1,117,129,60,72,32,0.00133333,0.0769014,-0.0309944,0.077912,-0.0320566,4.88448,-2.0097,ok,93648
56,circle,300,80,0.779578,1,0.0991922,0.0661281,5000,1000,16,11.3534,219,21,8,-1,-1,-1,-1,-1,-1,-1,-1,-1,211,227,13,29,40,0.00166667,0.185116,0.0447898,0.186956,0.0449354,5.34412,1.28448,ok,93783
57,circle,300,80,0.661093,1,0.0731511,0.0487674,5000,1000,20,18.1637,85,49,10,-1,-1,-1,-1,-1,-1,-1,-1,-1,75,95,39,59,52,0.00216667,0.131263,-0.0071504,0.134817,-0.00492566,5.66874,-0.207112,ok,94475
58,circle,300,80,0.806727,1,0.0855836,0.0570557,5000,1000,18,10.0448,126,39,9,-1,-1,-1,-1,-1,-1,-1,-1,-1,117,135,30,48,48,0.002,0.224753,0.000295719,0.227984,0.000282691,7.78151,0.00964876,ok,94532
59,circle,300,80,0.945927,1,0.0593326,0.0395551,5000,1000,24,6.38661,143,44,12,-1,-1,-1,-1,-1,-1,-1,-1,-1,131,155,32,56,64,0.00266667,0.261856,-0.0304214,0.266338,-0.0309837,14.1856,-1.65024,ok,94823
60,circle,300,80,0.736414,1,0.0470786,0.0313857,5000,1000,26,10.3551,182,19,13,-1,-1,-1,-1,-1,-1,-1,-1,-1,169,195,6,32,68,0.00283333,0.0895585,0.040329,0.0862649,0.0453961,6.73637,3.54495,ok,94813
61,circle,300,80,0.886901,1,0.0919129,0.0612753,5000,1000,16,7.60199,158,45,8,-1,-1,-1,-1,-1,-1,-1,-1,-1,150,166,37,53,40,0.00166667,0.253213,-0.00954163,0.257565,-0.00922282,8.57485,-0.307046,ok,94390
62,circle,300,80,0.921916,1,0.0741576,0.0494384,5000,1000,18,6.3275,249,57,9,-1,-1,-1,-1,-1,-1,-1,-1,-1,240,258,48,66,48,0.002,0.181563,-0.0654473,0.185355,-0.0683647,8.4262,-3.10785,ok,94506
63,circle,300,80,0.727947,1,0.0740578,0.0493719,5000,1000,12,7.79736,76,32,6,-1,-1,-1,-1,-1,-1,-1,-1,-1,70,82,26,38,32,0.00133333,0.102278,0.00171113,0.103318,0.00158872,7.06424,0.108627,ok,94200
64,circle,300,80,0.695608,1,0.0811007,0.0540671,5000,1000,28,23.218,130,52,14,-1,-1,-1,-1,-1,-1,-1,-1,-1,116,144,38,66,76,0.00316667,0.278108,-0.0663747,0.275936,-0.0616908,6.74238,-1.50739,ok,95143
65,circle,300,80,0.8346,1,0.0922988,0.0615325,5000,1000,12,6.62036,120,14,6,-1,-1,-1,-1,-1,-1,-1,-1,-1,114,126,8,20,32,0.00133333,0.105043,0.041856,0.106923,0.043212,4.70664,1.90214,ok,95111
66,circle,300,80,0.707378,1,0.0970132,0.0646755,5000,1000,20,18.7123,55,49,10,-1,-1,-1,-1,-1,-1,-1,-1,-1,45,65,39,59,52,0.00216667,0.245791,-0.0107996,0.246237,-0.0105723,5.88672,-0.252749,ok,94654
67,circle,300,80,0.628151,1,0.0748113,0.0498742,5000,1000,18,21.0159,56,57,9,-1,-1,-1,-1,-1,-1,-1,-1,-1,47,65,48,66,48,0.002,0.110445,-0.0164015,0.108552,-0.0147347,4.84888,-0.658182,ok,94939
68,circle,300,80,0.819759,1,0.0960025,0.0640017,5000,1000,24,14.4112,127,51,12,-1,-1,-1,-1,-1,-1,-1,-1,-1,115,139,39,63,64,0.00266667,0.366773,-0.0717302,0.371655,-0.070266,7.56094,-1.42949,ok,94966
69,circle,300,80,0.659612,1,0.0956601,0.0637734,5000,1000,22,26.3704,146,57,11,-1,-1,-1,-1,-1,-1,-1,-1,-1,135,157,46,68,56,0.00233333,0.198755,-0.0393812,0.199678,-0.0369227,4.46332,-0.825319,ok,93966
70,circle,300,80,0.626277,1,0.0772355,0.0514904,5000,1000,12,14.6793,60,19,6,-1,-1,-1,-1,-1,-1,-1,-1,-1,54,66,13,25,32,0.00133333,0.0640803,0.0065795,0.0636371,0.00610277,4.00044,0.38364,ok,94886
71,circle,300,80,0.930565,1,0.0817203,0.0544802,5000,1000,14,5.31433,206,66,7,-1,-1,-1,-1,-1,-1,-1,-1,-1,199,213,59,73,36,0.0015,0.113243,-0.0452894,0.115867,-0.0484947,5.57678,-2.3341,ok,95311
72,circle,300,80,0.815676,1,0.0428385,0.028559,5000,1000,18,4.88535,62,58,9,-1,-1,-1,-1,-1,-1,-1,-1,-1,53,71,49,67,48,0.002,0.0754877,-0.0302728,0.0751212,-0.0304264,10.2337,-4.14497,ok,95420
73,circle,300,80,0.634508,1,0.0938086,0.0625391,5000,1000,18,25.1072,166,35,9,-1,-1,-1,-1,-1,-1,-1,-1,-1,157,175,26,44,48,0.002,0.164372,-0.001501,0.160642,-0.00226683,4.56366,-0.0643982,ok,96220
74,circle,300,80,0.777758,1,0.0810945,0.054063,5000,1000,28,16.3498,78,52,14,-1,-1,-1,-1,-1,-1,-1,-1,-1,64,92,38,66,76,0.00316667,0.360418,-0.117001,0.351033,-0.113347,8.57865,-2.77001,ok,95582
75,circle,300,80,0.676388,1,0.0619412,0.0412941,5000,1000,26,18.2606,115,56,13,-1,-1,-1,-1,-1,-1,-1,-1,-1,102,128,43,69,68,0.00283333,0.140134,-0.056261,0.139606,-0.0557427,6.29774,-2.51459,ok,94465
76,circle,300,80,0.918066,1,0.0840273,0.0560182,5000,1000,24,9.64754,205,37,12,-1,-1,-1,-1,-1,-1,-1,-1,-1,193,217,25,49,64,0.00266667,0.389332,0.0166117,0.397793,0.0166225,10.5637,0.441426,ok,95429
77,circle,300,80,0.837142,1,0.0661409,0.044094,5000,1000,20,7.84724,125,58,10,-1,-1,-1,-1,-1,-1,-1,-1,-1,115,135,48,68,52,0.00216667,0.145715,-0.0580202,0.147125,-0.0600887,7.56709,-3.09054,ok,94982
78,circle,300,80,0.711673,1,0.0657733,0.0438489,5000,1000,20,12.4293,147,58,10,-1,-1,-1,-1,-1,-1,-1,-1,-1,137,157,48,68,52,0.00216667,0.110151,-0.0405211,0.110048,-0.0410701,5.72355,-2.13604,ok,95556
79,circle,300,80,0.704683,1,0.0607037,0.0404691,5000,1000,12,7.11779,183,52,6,-1,-1,-1,-1,-1,-1,-1,-1,-1,177,189,46,58,32,0.00133333,0.0672715,-0.00462951,0.067034,-0.00465816,6.82175,-0.47404,ok,96466
80,circle,300,80,0.882034,1,0.0606039,0.0404026,5000,1000,20,6.3454,185,33,10,-1,-1,-1,-1,-1,-1,-1,-1,-1,175,195,23,43,52,0.00216667,0.184689,0.0223475,0.185798,0.0226751,11.3821,1.38909,ok,95795
81,circle,300,80,0.651948,1,0.0849938,0.0566626,5000,1000,20,22.3744,203,32,10,-1,-1,-1,-1,-1,-1,-1,-1,-1,193,213,22,42,52,0.00216667,0.165676,0.000443783,0.160389,-0.000661156,4.99555,-0.0205926,ok,95069
82,circle,300,80,0.815915,1,0.0940695,0.062713,5000,1000,24,14.2929,256,50,12,-1,-1,-1,-1,-1,-1,-1,-1,-1,244,268,38,62,64,0.00266667,0.354165,-0.0569585,0.364696,-0.057588,7.72741,-1.22021,ok,96126
83,circle,300,80,0.669138,1,0.080969,0.0539793,5000,1000,28,26.8081,81,40,14,-1,-1,-1,-1,-1,-1,-1,-1,-1,67,95,26,54,76,0.00316667,0.281574,-0.00284706,0.26898,-0.00214621,6.59383,-0.0526126,ok,94912
84,circle,300,80,0.899196,1,0.0569891,0.0379928,5000,1000,28,7.99456,85,30,14,-1,-1,-1,-1,-1,-1,-1,-1,-1,71,99,16,44,76,0.00316667,0.289173,0.0833905,0.284083,0.0841078,14.0578,4.16204,ok,95596
85,circle,300,80,0.623665,1,0.0740842,0.0493895,5000,1000,26,31.1517,191,27,13,-1,-1,-1,-1,-1,-1,-1,-1,-1,178,204,14,40,68,0.00283333,0.182674,0.0128091,0.159011,0.01147,5.01436,0.361702,ok,96660
86,circle,300,80,0.770321,1,0.0764665,0.0509776,5000,1000,12,6.78894,220,33,6,-1,-1,-1,-1,-1,-1,-1,-1,-1,214,226,27,39,32,0.00133333,0.118101,0.00259969,0.119183,0.00254893,7.64367,0.163473,ok,96395
87,circle,300,80,0.859565,1,0.0722274,0.0481516,5000,1000,14,5.62448,71,62,7,-1,-1,-1,-1,-1,-1,-1,-1,-1,64,78,55,69,36,0.0015,0.110489,-0.0439378,0.111045,-0.0445965,6.84192,-2.74777,ok,96200
88,circle,300,80,0.655027,1,0.0760918,0.0507279,5000,1000,12,11.7799,242,33,6,-1,-1,-1,-1,-1,-1,-1,-1,-1,236,248,27,39,32,0.00133333,0.0836268,-0.0005906,0.0840589,-0.000703302,5.44426,-0.0455509,ok,95431
89,circle,300,80,0.684079,1,0.0718616,0.0479078,5000,1000,18,14.0539,182,59,9,-1,-1,-1,-1,-1,-1,-1,-1,-1,173,191,50,68,48,0.002,0.102965,-0.0328463,0.100628,-0.0335895,4.87154,-1.62611,ok,97232
90,circle,300,80,0.584342,1,0.0460335,0.030689,5000,1000,24,26.1983,159,33,12,-1,-1,-1,-1,-1,-1,-1,-1,-1,147,171,21,45,64,0.00266667,0.0567273,-0.00201579,0.0584326,0.000216571,5.17022,0.0191626,ok,97297
91,circle,300,80,0.760656,1,0.0586785,0.039119,5000,1000,12,5.40284,249,49,6,-1,-1,-1,-1,-1,-1,-1,-1,-1,243,255,43,55,32,0.00133333,0.0771976,-0.00522189,0.0779017,-0.00544543,8.48438,-0.593069,ok,96765
92,circle,300,80,0.928433,1,0.052306,0.0348707,5000,1000,16,3.90678,228,41,8,-1,-1,-1,-1,-1,-1,-1,-1,-1,220,236,33,49,40,0.00166667,0.133536,-0.00326625,0.136169,-0.00336915,13.9981,-0.346345,ok,98677
93,circle,300,80,0.688549,1,0.0600763,0.0400509,5000,1000,26,16.5685,67,37,13,-1,-1,-1,-1,-1,-1,-1,-1,-1,54,80,24,50,68,0.00283333,0.163726,0.0044065,0.16405,0.00360332,7.86699,0.172797,ok,97713
94,circle,300,80,0.634411,1,0.0562006,0.0374671,5000,1000,12,10.035,98,54,6,-1,-1,-1,-1,-1,-1,-1,-1,-1,92,104,48,60,32,0.00133333,0.0450189,-0.00181302,0.0457313,-0.00219971,5.42953,-0.261164,ok,97994
95,circle,300,80,0.868193,1,0.0927991,0.0618661,5000,1000,20,10.0816,248,20,10,-1,-1,-1,-1,-1,-1,-1,-1,-1,238,258,10,30,52,0.00216667,0.240852,0.0994704,0.244698,0.102514,6.3933,2.67841,ok,99172
96,circle,300,80,0.907559,1,0.0801725,0.0534484,5000,1000,16,6.29484,95,29,8,-1,-1,-1,-1,-1,-1,-1,-1,-1,87,103,21,37,40,0.00166667,0.209718,0.028473,0.212107,0.0281696,9.28102,1.2326,ok,98415
97,circle,300,80,0.818561,1,0.0941782,0.0627855,5000,1000,16,9.46036,244,42,8,-1,-1,-1,-1,-1,-1,-1,-1,-1,236,252,34,50,40,0.00166667,0.230997,-0.00169996,0.236414,-0.00167471,7.49659,-0.0531043,ok,98063
98,circle,300,80,0.644573,1,0.0990601,0.06604,5000,1000,28,38.3707,176,40,14,-1,-1,-1,-1,-1,-1,-1,-1,-1,162,190,26,54,76,0.00316667,0.321738,-0.000428755,0.327614,-0.000637726,5.36562,-0.0104446,ok,98422
99,circle,300,80,0.920527,1,0.0411032,0.0274022,5000,1000,24,4.69163,235,28,12,-1,-1,-1,-1,-1,-1,-1,-1,-1,223,247,16,40,64,0.00266667,0.139441,0.0415295,0.144398,0.0439755,16.0254,4.88045,ok,98898
100,circle,300,80,0.74961,1,0.0625081,0.0416721,5000,1000,18,9.01523,129,47,9,-1,-1,-1,-1,-1,-1,-1,-1,-1,120,138,38,56,48,0.002,0.123754,-0.00931105,0.12494,-0.00913305,7.9941,-0.584363,ok,99323
101,circle,300,80,0.786432,1,0.0412543,0.0275029,5000,1000,16,4.6089,122,51,8,-1,-1,-1,-1,-1,-1,-1,-1,-1,114,130,43,59,40,0.00166667,0.066586,-0.0133397,0.0669684,-0.0137094,11.0668,-2.26554,ok,98122
102,circle,300,80,0.921918,1,0.0963904,0.0642602,5000,1000,26,11.8798,184,54,13,-1,-1,-1,-1,-1,-1,-1,-1,-1,171,197,41,67,68,0.00283333,0.465896,-0.171398,0.482616,-0.178878,8.99029,-3.33219,ok,97831
103,circle,300,80,0.92646,1,0.0919403,0.0612936,5000,1000,26,11.2106,265,53,13,-1,-1,-1,-1,-1,-1,-1,-1,-1,252,278,40,66,68,0.00283333,0.458932,-0.155349,0.462572,-0.157019,9.47123,-3.21499,ok,99148
104,circle,300,80,0.939407,1,0.0706865,0.0471243,5000,1000,16,5.14777,121,52,8,-1,-1,-1,-1,-1,-1,-1,-1,-1,113,129,44,60,40,0.00166667,0.178756,-0.0376095,0.182114,-0.0381812,10.2509,-2.14916,ok,98577
105,circle,300,80,0.939478,1,0.0584347,0.0389565,5000,1000,12,3.19114,101,17,6,-1,-1,-1,-1,-1,-1,-1,-1,-1,95,107,11,23,32,0.00133333,0.0789526,0.0261381,0.0798901,0.0269902,8.77368,2.96412,ok,99851
106,circle,300,80,0.615854,1,0.0661594,0.0441063,5000,1000,20,22.8423,185,50,10,-1,-1,-1,-1,-1,-1,-1,-1,-1,175,195,40,60,52,0.00216667,0.100025,-0.00219936,0.092869,-0.000503722,4.77387,-0.0258935,ok,99760
107,circle,300,80,0.784515,1,0.093394,0.0622627,5000,1000,14,9.19119,210,55,7,-1,-1,-1,-1,-1,-1,-1,-1,-1,203,217,48,62,36,0.0015,0.164195,-0.021383,0.165675,-0.0213452,6.10525,-0.786587,ok,97240
108,circle,300,80,0.795594,1,0.0795611,0.0530407,5000,1000,26,13.9962,221,45,13,-1,-1,-1,-1,-1,-1,-1,-1,-1,208,234,32,58,68,0.00283333,0.311431,-0.0249014,0.318406,-0.0244253,8.70601,-0.667848,ok,98818
109,circle,300,80,0.644996,1,0.0429775,0.0286517,5000,1000,20,11.8562,119,49,10,-1,-1,-1,-1,-1,-1,-1,-1,-1,109,129,39,59,52,0.00216667,0.0609823,-0.00457567,0.0576666,-0.00549255,7.02464,-0.669073,ok,99138
110,circle,300,80,0.786402,1,0.0982236,0.0654824,5000,1000,16,10.9746,67,32,8,-1,-1,-1,-1,-1,-1,-1,-1,-1,59,75,24,40,40,0.00166667,0.23252,0.00463137,0.233328,0.00444174,6.80187,0.129483,ok,99653
111,circle,300,80,0.851798,1,0.0954129,0.0636086,5000,1000,24,13.0183,107,55,12,-1,-1,-1,-1,-1,-1,-1,-1,-1,95,119,43,67,64,0.00266667,0.3577,-0.128741,0.361849,-0.129651,7.45271,-2.67032,ok,99747
112,circle,300,80,0.832283,1,0.0719336,0.0479558,5000,1000,16,6.92746,84,30,8,-1,-1,-1,-1,-1,-1,-1,-1,-1,76,92,22,38,40,0.00166667,0.16,0.0167277,0.16143,0.0161877,8.77429,0.879863,ok,100427
113,circle,300,80,0.614669,1,0.0498583,0.0332388,5000,1000,12,10.4352,187,36,6,-1,-1,-1,-1,-1,-1,-1,-1,-1,181,193,30,42,32,0.00133333,0.0394198,-0.000249302,0.0395653,-0.000139481,5.96858,-0.0210413,ok,100501
114,circle,300,80,0.740824,1,0.0648215,0.0432143,5000,1000,12,6.45998,228,58,6,-1,-1,-1,-1,-1,-1,-1,-1,-1,222,234,52,64,32,0.00133333,0.069637,-0.0157527,0.0695303,-0.016034,6.20536,-1.43098,ok,100803
115,circle,300,80,0.944071,1,0.0665617,0.0443744,5000,1000,14,4.19691,240,65,7,-1,-1,-1,-1,-1,-1,-1,-1,-1,233,247,58,72,36,0.0015,0.0905977,-0.0343107,0.0928786,-0.0369667,6.73832,-2.68193,ok,101240
116,circle,300,80,0.848115,1,0.058893,0.039262,5000,1000,26,8.79719,208,42,13,-1,-1,-1,-1,-1,-1,-1,-1,-1,195,221,29,55,68,0.00283333,0.242542,-0.0145257,0.246151,-0.0148022,12.2833,-0.738648,ok,101097
117,circle,300,80,0.910839,1,0.0608719,0.0405813,5000,1000,26,7.70456,117,58,13,-1,-1,-1,-1,-1,-1,-1,-1,-1,104,130,45,71,68,0.00283333,0.206056,-0.0888979,0.203171,-0.0924588,9.49005,-4.31871,ok,100425
118,circle,300,80,0.809175,1,0.096916,0.0646107,5000,1000,20,12.5386,212,57,10,-1,-1,-1,-1,-1,-1,-1,-1,-1,202,222,47,67,52,0.00216667,0.24874,-0.0805089,0.25252,-0.0822598,6.04905,-1.97051,ok,100577
119,circle,300,80,0.958692,1,0.0707907,0.0471938,5000,1000,28,8.64257,100,20,14,-1,-1,-1,-1,-1,-1,-1,-1,-1,86,114,6,34,76,0.00316667,0.291128,0.132332,0.289879,0.137954,9.2965,4.4242,ok,100802
120,circle,300,80,0.85161,1,0.0990647,0.0660431,5000,1000,14,7.88889,182,66,7,-1,-1,-1,-1,-1,-1,-1,-1,-1,175,189,59,73,36,0.0015,0.131345,-0.0566984,0.133742,-0.0601111,4.38042,-1.9688,ok,102332
121,circle,300,80,0.786601,1,0.0908388,0.0605592,5000,1000,16,10.1425,94,19,8,-1,-1,-1,-1,-1,-1,-1,-1,-1,86,102,11,27,40,0.00166667,0.157342,0.0536376,0.159165,0.0540041,5.42498,1.84067,ok,102346
122,circle,300,80,0.859919,1,0.097061,0.0647073,5000,1000,16,8.6296,112,46,8,-1,-1,-1,-1,-1,-1,-1,-1,-1,104,120,38,54,40,0.00166667,0.259383,-0.00972696,0.263434,-0.0092999,7.86457,-0.277639,ok,102732
123,circle,300,80,0.582169,1,0.050046,0.033364,5000,1000,18,21.9263,240,56,9,-1,-1,-1,-1,-1,-1,-1,-1,-1,231,249,47,65,48,0.002,0.0378659,-0.00156382,0.0400834,-0.00318815,4.00098,-0.318229,ok,101613
124,circle,300,80,0.858976,1,0.0537496,0.035833,5000,1000,14,4.19244,92,41,7,-1,-1,-1,-1,-1,-1,-1,-1,-1,85,99,34,48,36,0.0015,0.107994,-0.00226046,0.109431,-0.00222094,12.1752,-0.247099,ok,102493
125,circle,300,80,0.590508,1,0.0476895,0.031793,5000,1000,26,27.3994,250,34,13,-1,-1,-1,-1,-1,-1,-1,-1,-1,237,263,21,47,68,0.00283333,0.0819425,-0.000165088,0.0662557,0.000336603,5.04216,0.025616,ok,103138
126,circle,300,80,0.630857,1,0.0617292,0.0411528,5000,1000,18,16.9822,213,53,9,-1,-1,-1,-1,-1,-1,-1,-1,-1,204,222,44,62,48,0.002,0.0813996,-0.00473727,0.07528,-0.00484157,4.939,-0.317648,ok,102158
127,circle,300,80,0.830006,1,0.0733128,0.0488752,5000,1000,20,8.88625,218,27,10,-1,-1,-1,-1,-1,-1,-1,-1,-1,208,228,17,37,52,0.00216667,0.194564,0.0438277,0.197972,0.044478,8.28757,1.86195,ok,102835
128,circle,300,80,0.629722,1,0.0875413,0.0583608,5000,1000,16,21.5948,165,42,8,-1,-1,-1,-1,-1,-1,-1,-1,-1,157,173,34,50,40,0.00166667,0.129656,0.000745356,0.128885,0.00103074,4.73008,0.0378281,ok,102221
129,circle,300,80,0.763247,1,0.0956144,0.0637429,5000,1000,20,14.5285,162,49,10,-1,-1,-1,-1,-1,-1,-1,-1,-1,152,172,39,59,52,0.00216667,0.260611,-0.015254,0.259866,-0.0139813,6.39566,-0.344098,ok,104058
130,circle,300,80,0.829029,1,0.082594,0.0550627,5000,1000,24,12.0491,77,20,12,-1,-1,-1,-1,-1,-1,-1,-1,-1,65,89,8,32,64,0.00266667,0.25426,0.119865,0.249584,0.120791,6.85993,3.32001,ok,101514
131,circle,300,80,0.944187,1,0.0593565,0.039571,5000,1000,16,4.27614,269,42,8,-1,-1,-1,-1,-1,-1,-1,-1,-1,261,277,34,50,40,0.00166667,0.156582,-0.0056867,0.16002,-0.00581787,12.7741,-0.46443,ok,102432
132,circle,300,80,0.685799,1,0.0644868,0.0429912,5000,1000,16,11.1065,127,33,8,-1,-1,-1,-1,-1,-1,-1,-1,-1,119,135,25,41,40,0.00166667,0.0960207,0.0011953,0.0962126,0.00110458,6.50702,0.0747044,ok,103238
133,circle,300,80,0.778314,1,0.0485206,0.0323471,5000,1000,14,4.88145,154,27,7,-1,-1,-1,-1,-1,-1,-1,-1,-1,147,161,20,34,36,0.0015,0.0701838,0.0125487,0.0706168,0.0127255,9.64141,1.73743,ok,103478
134,circle,300,80,0.904321,1,0.0881178,0.0587452,5000,1000,20,8.71761,169,17,10,-1,-1,-1,-1,-1,-1,-1,-1,-1,159,179,7,27,52,0.00216667,0.20433,0.0931325,0.211333,0.0993595,6.12381,2.87915,ok,103382
135,circle,300,80,0.59342,1,0.074765,0.0498434,5000,1000,14,22.4088,207,36,7,-1,-1,-1,-1,-1,-1,-1,-1,-1,200,214,29,43,36,0.0015,0.0807725,-0.00149541,0.0761547,-0.00120509,4.37909,-0.0692959,ok,103457
136,circle,300,80,0.850577,1,0.0486874,0.0324582,5000,1000,14,3.88858,159,34,7,-1,-1,-1,-1,-1,-1,-1,-1,-1,152,166,27,41,36,0.0015,0.0916588,0.00694298,0.0924804,0.00699043,12.5401,0.947886,ok,104370
137,circle,300,80,0.677446,1,0.0923426,0.0615618,5000,1000,18,18.7343,258,27,9,-1,-1,-1,-1,-1,-1,-1,-1,-1,249,267,18,36,48,0.002,0.159912,0.00352034,0.165569,0.00543451,4.85415,0.159329,ok,103203
138,circle,300,80,0.602852,1,0.0503625,0.033575,5000,1000,14,13.7105,180,44,7,-1,-1,-1,-1,-1,-1,-1,-1,-1,173,187,37,51,36,0.0015,0.044234,0.00048462,0.043465,0.000275147,5.50821,0.0348687,ok,104373
139,circle,300,80,0.685478,1,0.0644864,0.0429909,5000,1000,24,16.6885,210,34,12,-1,-1,-1,-1,-1,-1,-1,-1,-1,198,222,22,46,64,0.00266667,0.150731,0.00672242,0.150144,0.00581507,6.76977,0.262192,ok,104162
140,circle,300,80,0.878411,1,0.0572789,0.038186,5000,1000,14,4.23828,67,39,7,-1,-1,-1,-1,-1,-1,-1,-1,-1,60,74,32,46,36,0.0015,0.123456,0.000210318,0.124256,0.000205705,12.1734,0.020153,ok,104572
141,circle,300,80,0.954079,1,0.099153,0.066102,5000,1000,28,12.2282,228,24,14,-1,-1,-1,-1,-1,-1,-1,-1,-1,214,242,10,38,76,0.00316667,0.567715,0.242574,0.578894,0.249159,9.46328,4.07304,ok,105095
142,circle,300,80,0.713634,1,0.0962053,0.0641369,5000,1000,12,10.8079,118,19,6,-1,-1,-1,-1,-1,-1,-1,-1,-1,112,124,13,25,32,0.00133333,0.107289,0.0191076,0.10875,0.0194387,4.40617,0.787592,ok,104523
143,circle,300,80,0.65339,1,0.0771641,0.0514427,5000,1000,26,26.159,88,56,13,-1,-1,-1,-1,-1,-1,-1,-1,-1,75,101,43,69,68,0.00283333,0.203486,-0.0672729,0.19479,-0.0623043,5.66207,-1.81103,ok,104322
144,circle,300,80,0.656267,1,0.0449076,0.0299384,5000,1000,26,14.9436,79,42,13,-1,-1,-1,-1,-1,-1,-1,-1,-1,66,92,29,55,68,0.00283333,0.100753,-0.00452907,0.0978989,-0.00351409,8.40191,-0.301588,ok,104454
145,circle,300,80,0.867593,1,0.0801611,0.0534407,5000,1000,28,12.2119,244,28,14,-1,-1,-1,-1,-1,-1,-1,-1,-1,230,258,14,42,76,0.00316667,0.402736,0.128684,0.41205,0.130825,10.3057,3.27205,ok,104756
146,circle,300,80,0.810956,1,0.060232,0.0401547,5000,1000,20,7.74798,190,41,10,-1,-1,-1,-1,-1,-1,-1,-1,-1,180,200,31,51,52,0.00216667,0.162159,-0.00311723,0.159926,-0.00312359,9.9185,-0.193723,ok,105363
147,circle,300,80,0.741595,1,0.0916744,0.0611162,5000,1000,20,15.1782,93,46,10,-1,-1,-1,-1,-1,-1,-1,-1,-1,83,103,36,56,52,0.00216667,0.23892,-0.00797208,0.240158,-0.00672039,6.42961,-0.179921,ok,103718
148,circle,300,80,0.851868,1,0.0420882,0.0280588,5000,1000,28,6.69836,85,48,14,-1,-1,-1,-1,-1,-1,-1,-1,-1,71,99,34,62,76,0.00316667,0.1855,-0.048987,0.17956,-0.0489503,16.2908,-4.44108,ok,105267
149,circle,300,80,0.912922,1,0.0592939,0.0395292,5000,1000,22,6.31822,129,48,11,-1,-1,-1,-1,-1,-1,-1,-1,-1,118,140,37,59,56,0.00233333,0.207433,-0.0407495,0.210451,-0.0413572,12.2439,-2.40614,ok,105702
150,circle,300,80,0.65569,1,0.0781439,0.052096,5000,1000,26,26.0999,183,42,13,-1,-1,-1,-1,-1,-1,-1,-1,-1,170,196,29,55,68,0.00283333,0.216717,-0.00131779,0.20561,-0.000975525,5.82764,-0.0276495,ok,104094
